Id,Label
#JusticeForMariam,#JusticeForMariam
#motorwayincident,#motorwayincident
#zahirjaffer,#zahirjaffer
#NoorMukadam,#NoorMukadam
#JusticeForNoor,#JusticeForNoor
#ZahirJaffer,#ZahirJaffer
#ImranKhan,#ImranKhan
#noormukadam,#noormukadam
#CCPO,#CCPO
#JusticeforNoor,#JusticeforNoor
#noormuqaddam,#noormuqaddam
#Pakistan,#Pakistan
#noormukaddam,#noormukaddam
#justicefornoor,#justicefornoor
#MotorwayIncident,#MotorwayIncident
#pakistan,#pakistan
#ZakirJaffer,#ZakirJaffer
#lockdown2021,#lockdown2021
#JusticeForNoormukadam,#JusticeForNoormukadam
#Zahir,#Zahir
#motorwaycase,#motorwaycase
#etribune,#etribune
#justiceformariam,#justiceformariam
#news,#news
#JusticeForHareem,#JusticeForHareem
#UsmanMirza,#UsmanMirza
#hangzahirjaffer,#hangzahirjaffer
#ModelTownMassacre,#ModelTownMassacre
#NoorNeedsJustice,#NoorNeedsJustice
#جیو_ہزاروں_سال_کپتان,#جیو_ہزاروں_سال_کپتان
#arynews,#arynews
#GetWellSoonSkipper,#GetWellSoonSkipper
#justiceforjawad,#justiceforjawad
#MotorwayCase,#MotorwayCase
#Motorwayincident,#Motorwayincident
#VAW,#VAW
#justiceforquratulain,#justiceforquratulain
#minarepakistan,#minarepakistan
#نیازی_قبرمیں_سکون_کرو,#نیازی_قبرمیں_سکون_کرو
#RapistStonnedToDeath,#RapistStonnedToDeath
#RemoveCCPOLahore,#RemoveCCPOLahore
#MotorwayRapeCase,#MotorwayRapeCase
#naseembibi,#naseembibi
#murderer,#murderer
#JusticeforMariam,#JusticeforMariam
#ZahirJaffar,#ZahirJaffar
#IslamabadCase,#IslamabadCase
#NoorMuqadamCase,#NoorMuqadamCase
#MinareEPakistanCase,#MinareEPakistanCase
#HyderabadCase,#HyderabadCase
#کہاں_ہے_ریپسٹ_قانون,#کہاں_ہے_ریپسٹ_قانون
#harrassment,#harrassment
#Rape,#Rape
#acidattacks,#acidattacks
#DomesticViolenceBill,#DomesticViolenceBill
#GetWellSoonPMIK,#GetWellSoonPMIK
#khadijasiddiqi,#khadijasiddiqi
#GBV,#GBV
#LUMS,#LUMS
#NawazSharif,#NawazSharif
#MotorWayIncident,#MotorWayIncident
#HangRapistsPublically,#HangRapistsPublically
#CCPOLahore,#CCPOLahore
#PublicHangingOfRapists,#PublicHangingOfRapists
#BreakingNews,#BreakingNews
#Noor,#Noor
#Woman,#Woman
#rape,#rape
#TogetherWeCan,#TogetherWeCan
#NoOneIsAboveTheLaw,#NoOneIsAboveTheLaw
#400men,#400men
#SayNoToBahriaTown,#SayNoToBahriaTown
#MeToo,#MeToo
#zahirjaffar,#zahirjaffar
#Women,#Women
#ShehnaazGill,#ShehnaazGill
#GetWellSoonImranKhan,#GetWellSoonImranKhan
#minarepakistanincident,#minarepakistanincident
#lahoreincident,#lahoreincident
#HANGZAHIRJAFFER,#HANGZAHIRJAFFER
#NirmalaMaghani,#NirmalaMaghani
#Lahore,#Lahore
#hangrapistspublicly,#hangrapistspublicly
#zakirjaffer,#zakirjaffer
#JusticeForZainab,#JusticeForZainab
#motorway,#motorway
#Motorway,#Motorway
#rapist,#rapist
#FuckZahirJaffer,#FuckZahirJaffer
#19MarchLahoreDharna,#19MarchLahoreDharna
#LahoreBlast,#LahoreBlast
#imrankhanPTI,#imrankhanPTI
#HangRapists,#HangRapists
#ShaukatMukadam,#ShaukatMukadam
#AafiaLifeIsInDanger,#AafiaLifeIsInDanger
#MothersDay,#MothersDay
#HangZahirJaffer,#HangZahirJaffer
#PMTakeNotice4NoorMukadam,#PMTakeNotice4NoorMukadam
#londonprotest,#londonprotest
#ملک_کی_بقا_صدارتی_نظام,#ملک_کی_بقا_صدارتی_نظام
#BREAKING,#BREAKING
#Technologist_Protest_24March,#Technologist_Protest_24March
#Justice,#Justice
#Zahirjaffer,#Zahirjaffer
#PDM,#PDM
#INDvsENG,#INDvsENG
#YouTube,#YouTube
#lockdown,#lockdown
#mariamforever,#mariamforever
#IndusAapSeHai,#IndusAapSeHai
#10bmnews,#10bmnews
#latestnews,#latestnews
#insaaf,#insaaf
#AbidMalhi,#AbidMalhi
#ayeshaakram,#ayeshaakram
#ayesha,#ayesha
#LahorePolice,#LahorePolice
#JUSTICE,#JUSTICE
#SenateElection,#SenateElection
#NizamBadloBikeRally23rdMarch,#NizamBadloBikeRally23rdMarch
#zalimkosazado,#zalimkosazado
#womenpower,#womenpower
#طلبہ_کو_پڑھنے_دو,#طلبہ_کو_پڑھنے_دو
#Shaheenbaloch,#Shaheenbaloch
#Marwah,#Marwah
#GulPanra,#GulPanra
#Sexualassault,#Sexualassault
#MeraQusoorKiaHai,#MeraQusoorKiaHai
#Sunday,#Sunday
#Punjab,#Punjab
#March,#March
#ATCJudgment,#ATCJudgment
#CapitalTV,#CapitalTV
#PDMFuture,#PDMFuture
#NAB,#NAB
#ElectionComissionOfPakistan,#ElectionComissionOfPakistan
#ThankYouPrimeMinister,#ThankYouPrimeMinister
#sexualabuse,#sexualabuse
#AAPakistan,#AAPakistan
#Nonsense,#Nonsense
#abbotabad,#abbotabad
#nations,#nations
#Justicefornoor,#Justicefornoor
#نہ_صاف_چلی_نہ_شفاف_چلی,#نہ_صاف_چلی_نہ_شفاف_چلی
#actor,#actor
#pslanthem,#pslanthem
#NoIndian,#NoIndian
#dobara,#dobara
#AllamaSaadHussainRizvi,#AllamaSaadHussainRizvi
#AsmatAdamjee,#AsmatAdamjee
#AimaBaig,#AimaBaig
#justiceforQuratulain,#justiceforQuratulain
#asmatadamkhoor,#asmatadamkhoor
#Oscar,#Oscar
#Ismatadamjee,#Ismatadamjee
#CPvSIN,#CPvSIN
#PMImranKhan,#PMImranKhan
#RespectForOverseas,#RespectForOverseas
#Farmers,#Farmers
#lahore,#lahore
#Haryana,#Haryana
#JummaMubarak,#JummaMubarak
#justiceforMariam,#justiceforMariam
#MotorwayPolice,#MotorwayPolice
#MotorwayOfficerHit,#MotorwayOfficerHit
#IndependentJudiciary,#IndependentJudiciary
#justiceForMariam,#justiceForMariam
#Scumbag,#Scumbag
#Noormukadam,#Noormukadam
#INDvENG,#INDvENG
#سلام_یاامیرالمجاہدین,#سلام_یاامیرالمجاہدین
#Therapyworks,#Therapyworks
#ShafqatAli,#ShafqatAli
#SaddiqulFarooq,#SaddiqulFarooq
#GTVNews,#GTVNews
#HerAllies,#HerAllies
#consent,#consent
#manels,#manels
#Restoresaaraaab,#Restoresaaraaab
#gangrape,#gangrape
#theraphyworks,#theraphyworks
#JusticeforSaima,#JusticeforSaima
#sahiwal,#sahiwal
#JusticeSystemPakistan,#JusticeSystemPakistan
#hangzahir,#hangzahir
#JusticeForSale,#JusticeForSale
#JUSTICEFORMARIAM,#JUSTICEFORMARIAM
#NoorMuqaddam,#NoorMuqaddam
#MajeedAchakzai,#MajeedAchakzai
#DeathSentence,#DeathSentence
#justice,#justice
#PMIK,#PMIK
#PrimeMinisterImrankhan,#PrimeMinisterImrankhan
#imrankhancovidpositive,#imrankhancovidpositive
#ImranKhanMyPM,#ImranKhanMyPM
#نوروز,#نوروز
#Nowruz,#Nowruz
#NoorMukaddam,#NoorMukaddam
#killer,#killer
#COVID19,#COVID19
#asmatadamjee,#asmatadamjee
#TwoPakistanNotOne,#TwoPakistanNotOne
#NoorMukkadam,#NoorMukkadam
#العدالة_لمريم,#العدالة_لمريم
#murdercase,#murdercase
#releasekhurramali,#releasekhurramali
#antirape,#antirape
#CourtingTheLaw,#CourtingTheLaw
#JusticeForHanifa,#JusticeForHanifa
#A12,#A12
#emergencyservices,#emergencyservices
#london,#london
#essex,#essex
#pakistanmovingforward,#pakistanmovingforward
#roadTrip,#roadTrip
#انصاف_کرو_سیاست_نہیں,#انصاف_کرو_سیاست_نہیں
#BuryingKashmirIsRejected,#BuryingKashmirIsRejected
#PakistanZindabad,#PakistanZindabad
#ATC,#ATC
#NCOC,#NCOC
#Romford,#Romford
#AutomotiveIndustry,#AutomotiveIndustry
#TherapyWorks,#TherapyWorks
#motorwayrape,#motorwayrape
#News360,#News360
#Rawalpindi,#Rawalpindi
#motorwayIncident,#motorwayIncident
#RapistPMLN,#RapistPMLN
#ThoughtForTheDay,#ThoughtForTheDay
#Court,#Court
#TahirZahoor,#TahirZahoor
#justiceforzainab,#justiceforzainab
#GraphicWalaDesigner,#GraphicWalaDesigner
#Zainabcase,#Zainabcase
#India,#India
#RoadSafety,#RoadSafety
#court,#court
#stopblamingvictims,#stopblamingvictims
#EnoughIsEnough,#EnoughIsEnough
#CircleMaze,#CircleMaze
#Capital_punshiment,#Capital_punshiment
#Motorwaycase,#Motorwaycase
#UPDATE,#UPDATE
#Xbox,#Xbox
#SeriesX,#SeriesX
#womenvoilence,#womenvoilence
#RESTOCK,#RESTOCK
#justiceforpakistan,#justiceforpakistan
#gamestophearing,#gamestophearing
#crime,#crime
#AlanpurNews,#AlanpurNews
#cars,#cars
#Rapists,#Rapists
#woman,#woman
#targets,#targets
#Walmart,#Walmart
#Evil,#Evil
#gamedev,#gamedev
#mukaddams,#mukaddams
#PunjabPolice,#PunjabPolice
#MukhtaranMai,#MukhtaranMai
#motorcycle,#motorcycle
#FridayMotivation,#FridayMotivation
#Motorsport,#Motorsport
#potholetracker,#potholetracker
#USA,#USA
#Coronaviruspakistan,#Coronaviruspakistan
#BeTheVoiceForJustice,#BeTheVoiceForJustice
#MaryamNawaz,#MaryamNawaz
#girlpower,#girlpower
#Islamabad,#Islamabad
#Igbos,#Igbos
#FazalurRehman,#FazalurRehman
#BilawalBhutto,#BilawalBhutto
#Dortmund,#Dortmund
#DunyaNews,#DunyaNews
#MazratKaySaath,#MazratKaySaath
#Lewy,#Lewy
#aneketwinstv,#aneketwinstv
#PMLN,#PMLN
#PTI,#PTI
#PPP,#PPP
#JUIF,#JUIF
#capitalpunishment,#capitalpunishment
#Batman,#Batman
#womenempowerment,#womenempowerment
#NoMercy,#NoMercy
#HARASSMENTRISK,#HARASSMENTRISK
#Selfdefense,#Selfdefense
#BTSV,#BTSV
#atwinsdesign,#atwinsdesign
#aneketwins,#aneketwins
#obuasi,#obuasi
#CoupleGoals,#CoupleGoals
#HanKer,#HanKer
#JusticeLeague,#JusticeLeague
#ADA,#ADA
#FarmersProtest,#FarmersProtest
#JUNGKOOK,#JUNGKOOK
#kerabling,#kerabling
#PTIGovernment,#PTIGovernment
#Bayern,#Bayern
#PositiveVibesOnly,#PositiveVibesOnly
#SaintsFC,#SaintsFC
#streetharassment,#streetharassment
#OneVoice,#OneVoice
#mksw85official,#mksw85official
#مريم_وين,#مريم_وين
#ImperialNews92,#ImperialNews92
#whereismariam,#whereismariam
#Shame,#Shame
#deathpenalty,#deathpenalty
#TalhaInsafian,#TalhaInsafian
#StandwithNoor,#StandwithNoor
#MotivationalQuotes,#MotivationalQuotes
#motivation,#motivation
#Makinde,#Makinde
#zainab,#zainab
#hangtherapist,#hangtherapist
#Newsonepk,#Newsonepk
#goodnight,#goodnight
#OneNation,#OneNation
#modeltown,#modeltown
#ushnashah,#ushnashah
#brabus,#brabus
#INCPAK,#INCPAK
#CMBuzdarOnDunyaNews,#CMBuzdarOnDunyaNews
#IslamicLaw,#IslamicLaw
#RiasatEMadina,#RiasatEMadina
#Positive,#Positive
#Jail,#Jail
#maybach,#maybach
#Crimes,#Crimes
#AnilDeshmukh,#AnilDeshmukh
#MercedesMaybach,#MercedesMaybach
#MercedesAMG,#MercedesAMG
#sialkot,#sialkot
#insurance,#insurance
#MotorwayRape,#MotorwayRape
#traffic,#traffic
#Police,#Police
#Violence,#Violence
#bitcoin,#bitcoin
#abused,#abused
#rapper,#rapper
#Balochistan,#Balochistan
#RuleofLaw,#RuleofLaw
#Viral,#Viral
#viralvideo,#viralvideo
#petrolPrice,#petrolPrice
#DieselPrice,#DieselPrice
#Mansehra,#Mansehra
#RoadSafetyWorldSeries2021,#RoadSafetyWorldSeries2021
#BeautifulBeautiful,#BeautifulBeautiful
#BeautifulPakistan,#BeautifulPakistan
#Kashmir,#Kashmir
#kashmirHighWay,#kashmirHighWay
#supremecourtofindia,#supremecourtofindia
#claims,#claims
#motoraccident,#motoraccident
#roadsafety,#roadsafety
#abdelivers,#abdelivers
#Law,#Law
#NewsUpdate,#NewsUpdate
#G700,#G700
#Pakistani,#Pakistani
#abdelivered,#abdelivered
#zaherjaffer,#zaherjaffer
#shafqatbagga,#shafqatbagga
#Corona,#Corona
#Kaptaan,#Kaptaan
#Vaccination,#Vaccination
#19thMarchLahoreDharna,#19thMarchLahoreDharna
#Sinopharm,#Sinopharm
#PakistanMovingForward,#PakistanMovingForward
#breakingnews,#breakingnews
#fitna,#fitna
#GIDLE,#GIDLE
#Dubai,#Dubai
#ATEEZ,#ATEEZ
#JusticeServed,#JusticeServed
#publiclyhangrapists,#publiclyhangrapists
#Peaches,#Peaches
#UCLdraw,#UCLdraw
#WhatsApp,#WhatsApp
#motherlove,#motherlove
#Quran,#Quran
#GalaxyA52,#GalaxyA52
#kaptaan,#kaptaan
#visiongraphic,#visiongraphic
#ARYNews,#ARYNews
#death_for_rapists,#death_for_rapists
#justiceserved,#justiceserved
#zohaibkhan,#zohaibkhan
#dajjal,#dajjal
#zkwrites,#zkwrites
#Punjab_Police,#Punjab_Police
#mullahs,#mullahs
#abidmalhi,#abidmalhi
#Mercedes,#Mercedes
#JusticeForHaneefa,#JusticeForHaneefa
#ViratKohli,#ViratKohli
#SaturdayMotivation,#SaturdayMotivation
#RRRMovie,#RRRMovie
#pordenoneday,#pordenoneday
#OC,#OC
#Marjaneya,#Marjaneya
#kalytera,#kalytera
#M40,#M40
#JusticeForMarwah,#JusticeForMarwah
#NadiaKhan,#NadiaKhan
#JAYB,#JAYB
#JasminBhasin,#JasminBhasin
#Fortnite,#Fortnite
#got7radio,#got7radio
#twitch,#twitch
#Jummahmubarak,#Jummahmubarak
#TheFalconAndTheWinterSoldier,#TheFalconAndTheWinterSoldier
#FridayVibes,#FridayVibes
#Fiverr,#Fiverr
#colorclause,#colorclause
#Adiala,#Adiala
#RawalpindiCentralJail,#RawalpindiCentralJail
#Doctors,#Doctors
#justiceforsteve,#justiceforsteve
#HASHTAGS,#HASHTAGS
#ARYNewsUrdu,#ARYNewsUrdu
#EnforceTrafficLawsRigorously,#EnforceTrafficLawsRigorously
#motorayincident,#motorayincident
#breaking,#breaking
#MothersDay2021,#MothersDay2021
#BlameTheRapistOnly,#BlameTheRapistOnly
#LegendsLeagueCricket,#LegendsLeagueCricket
#moralvalues,#moralvalues
#psl7,#psl7
#54yearsofATI,#54yearsofATI
#ICCAwards,#ICCAwards
#blakillinginnocents,#blakillinginnocents
#11thhour,#11thhour
#rickshawincident,#rickshawincident
#noormuqadam,#noormuqadam
#9News,#9News
#mahfoozaurat,#mahfoozaurat
#socialvalues,#socialvalues
#boycottfrance,#boycottfrance
#psychologicalleadership,#psychologicalleadership
#mentalconditioning,#mentalconditioning
#raisingboys,#raisingboys
#hazard,#hazard
#bachakhanweek2022,#bachakhanweek2022
#MahreenSibtain,#MahreenSibtain
#GujjarPuraMotorway,#GujjarPuraMotorway
#JIKhi_WomenDharna,#JIKhi_WomenDharna
#PAKvAFG,#PAKvAFG
#AllamaKhadimHussainRizvi,#AllamaKhadimHussainRizvi
#وارثِ_مسندِ_ولایت,#وارثِ_مسندِ_ولایت
#BalochNationalistArmy,#BalochNationalistArmy
#PSL2022,#PSL2022
#MinarePakistanIncident,#MinarePakistanIncident
#StopAbbusingVulnerables,#StopAbbusingVulnerables
#PakistanMurdabad,#PakistanMurdabad
#noormukaddamincident,#noormukaddamincident
#Shiagenocide,#Shiagenocide
#metoo,#metoo
#feminism,#feminism
#auratmarch,#auratmarch
#WomensRights,#WomensRights
#cybercrime,#cybercrime
#acidattack,#acidattack
#mukhtarmai,#mukhtarmai
#goatlivesmatter,#goatlivesmatter
#zainabansari,#zainabansari
#WeNeedJustice,#WeNeedJustice
#quratulain,#quratulain
#NoorMuqadam,#NoorMuqadam
#OkaraIncident,#OkaraIncident
#thousandsolededsuns,#thousandsolededsuns
#JusticeFormariam,#JusticeFormariam
#boycottfranceproducts,#boycottfranceproducts
#Zainab,#Zainab
#JusticeForNoorMukadam,#JusticeForNoorMukadam
#death,#death
#trending,#trending
#media,#media
#jaffers,#jaffers
#noorneedjustice,#noorneedjustice
#AskerAward,#AskerAward
#islamabad,#islamabad
#isbtoday,#isbtoday
#stopacting,#stopacting
#JusticForNoor,#JusticForNoor
#germany,#germany
#IHC,#IHC
#NoorBukhari,#NoorBukhari
#AimanKhan,#AimanKhan
#FilthyRichScums,#FilthyRichScums
#Zardari,#Zardari
#Shahrukhjatoi,#Shahrukhjatoi
#theCivileyes,#theCivileyes
#hangthekillers,#hangthekillers
#BeastUpdate,#BeastUpdate
#sqihla,#sqihla
#JusticeForNooorMukadam,#JusticeForNooorMukadam
#psycho,#psycho
#performance,#performance
#pedophelia,#pedophelia
#imrankhanpti,#imrankhanpti
#JusticeForMiriam,#JusticeForMiriam
#JusticeForNikita,#JusticeForNikita
#MariamDeservesBetter,#MariamDeservesBetter
#حق_مريم_لن_يضيع,#حق_مريم_لن_يضيع
#NewProfilePic,#NewProfilePic
#NoorMukadammurder,#NoorMukadammurder
#Jaildoctors,#Jaildoctors
#law,#law
#sc,#sc
#justicedelayedisjusticedenied,#justicedelayedisjusticedenied
#ihc,#ihc
#SupremeCourt,#SupremeCourt
#judiciary,#judiciary
#disability,#disability
#compulsion,#compulsion
#reflection,#reflection
#brutal,#brutal
#SialkotIncident,#SialkotIncident
#women,#women
#DTD,#DTD
#DonaldTrump,#DonaldTrump
#پنجاب_پولیس_کو_لگام_دو,#پنجاب_پولیس_کو_لگام_دو
#AbidAli,#AbidAli
#Judicial,#Judicial
#rapecase,#rapecase
#hamidmir,#hamidmir
#MotowayIncident,#MotowayIncident
#UmerShaikh,#UmerShaikh
#غدار_اور_نمک_حرام_نوازشریف,#غدار_اور_نمک_حرام_نوازشریف
#fridaymorning,#fridaymorning
#JusticeForAdeel,#JusticeForAdeel
#UsmanBuzdar,#UsmanBuzdar
#AdeelShah,#AdeelShah
#PeshawarMotorway,#PeshawarMotorway
#MeraJismMeriMarzi,#MeraJismMeriMarzi
#جمعة_مباركة,#جمعة_مباركة
#يوم_الجمعة,#يوم_الجمعة
#SackShireenMazari,#SackShireenMazari
#PunjabPoliceOfficialPakistan,#PunjabPoliceOfficialPakistan
#motorwaypolice,#motorwaypolice
#pindibhattian,#pindibhattian
#asifalizardari,#asifalizardari
#motorbike,#motorbike
#pmln,#pmln
#bestactors,#bestactors
#DialoguePakistan,#DialoguePakistan
#Saitama,#Saitama
#sharmilafarooqi,#sharmilafarooqi
#BIKER,#BIKER
#دراجات,#دراجات
#دراجتي_الرياض,#دراجتي_الرياض
#دباب,#دباب
#LIVE,#LIVE
#MotorcycleLife,#MotorcycleLife
#Motorola,#Motorola
#MotoGP,#MotoGP
#truecrime,#truecrime
#CrimeScene,#CrimeScene
#Nawazsharif,#Nawazsharif
#AmongUs,#AmongUs
#PeterKennethTruths,#PeterKennethTruths
#socialmediamarketing,#socialmediamarketing
#SocialMediaRulesNeeded,#SocialMediaRulesNeeded
#socialdilemma,#socialdilemma
#GovtofPakistan,#GovtofPakistan
#robbery,#robbery
#MurreeTragedy,#MurreeTragedy
#justicefoefatima,#justicefoefatima
#ccpo,#ccpo
#WarAgainstRape,#WarAgainstRape
#hangtilldeath,#hangtilldeath
#HangRapist,#HangRapist
#Todaytheyrapedwomen,#Todaytheyrapedwomen
#WarAgainstrape,#WarAgainstrape
#justiceForNoor,#justiceForNoor
#Hang_RapistsInPublic,#Hang_RapistsInPublic
#DontBlamePakistan,#DontBlamePakistan
#JusticeForAyesha,#JusticeForAyesha
#dakaiti,#dakaiti
#usmanmirza,#usmanmirza
#جنسی_درندےکوسرعام_پھانسی_دو,#جنسی_درندےکوسرعام_پھانسی_دو
#LollipopGovt,#LollipopGovt
#yesallmen,#yesallmen
#MinarePakistan,#MinarePakistan
#femicide,#femicide
#BehindYouSkipper,#BehindYouSkipper
#MyPMImranKhan,#MyPMImranKhan
#IstandWithWaqarzaka,#IstandWithWaqarzaka
#rapeculture,#rapeculture
#JusticeForWomen,#JusticeForWomen
#usmanmirzascandal,#usmanmirzascandal
#nayabnadeem,#nayabnadeem
#M2,#M2
#FixitPakistan,#FixitPakistan
#TrueSpiritOfIslam,#TrueSpiritOfIslam
#WalkTowardsHussain,#WalkTowardsHussain
#PinkRibbon,#PinkRibbon
#ShahAbdulLatifBhittai,#ShahAbdulLatifBhittai
#BALvKP,#BALvKP
#POCOX3,#POCOX3
#bachakhaniconofpeace,#bachakhaniconofpeace
#BachaKhanIconOfNonViolence,#BachaKhanIconOfNonViolence
#FridaysWithArmaan,#FridaysWithArmaan
#UAEWhereIsRashidHussain,#UAEWhereIsRashidHussain
#KPDomesticViolenceACT2021,#KPDomesticViolenceACT2021
#Darinda,#Darinda
#darinda,#darinda
#JusticeForNazimJokhio,#JusticeForNazimJokhio
#HangshahzainJataoi,#HangshahzainJataoi
#qandeelbaloch,#qandeelbaloch
#We_reject_domestic_violence_bill_2021,#We_reject_domestic_violence_bill_2021
#GeoNews,#GeoNews
